Workbook

Sheet Employee_Data
A1: HR Employee Dataset — IF & Aggregate Functions Practice
A2: Emp_ID | B2: Name | C2: Department | D2: Gender | E2: Age | F2: Join_Date | G2: Years_of_Service | H2: Salary | I2: Performance_Score | J2: Attendance_% | K2: Training_Hours | L2: Promoted | M2: City | N2: Status
A3: EMP101 | B3: James Carter | C3: HR | D3: Male | E3: 30 | F3: 2024-09-03 | G3: 1 | H3: 69200 | I3: 2.8 | J3: 78.2 | K3: 23 | L3: No | M3: Austin | N3: Active
A4: EMP102 | B4: Sophia Williams | C4: Finance | D4: Female | E4: 50 | F4: 2024-11-23 | G4: 2 | H4: 56900 | I4: 2.3 | J4: 78.5 | K4: 13 | L4: No | M4: Dallas | N4: Active
A5: EMP103 | B5: Liam Johnson | C5: IT | D5: Male | E5: 57 | F5: 2024-12-14 | G5: 14 | H5: 74400 | I5: 3.3 | J5: 79.8 | K5: 10 | L5: No | M5: Seattle | N5: Active
A6: EMP104 | B6: Olivia Brown | C6: Marketing | D6: Female | E6: 44 | F6: 2024-06-28 | G6: 9 | H6: 58100 | I6: 2.6 | J6: 93.4 | K6: 23 | L6: No | M6: New York | N6: Active
A7: EMP105 | B7: Noah Davis | C7: Operations | D7: Male | E7: 45 | F7: 2024-07-03 | G7: 20 | H7: 50600 | I7: 4.4 | J7: 92.4 | K7: 78 | L7: Yes | M7: New York | N7: Active
A8: EMP106 | B8: Emma Miller | C8: Sales | D8: Female | E8: 58 | F8: 2024-05-03 | G8: 10 | H8: 73700 | I8: 3.7 | J8: 91.7 | K8: 15 | L8: No | M8: Austin | N8: Active
A9: EMP107 | B9: William Wilson | C9: HR | D9: Male | E9: 37 | F9: 2024-04-22 | G9: 4 | H9: 57400 | I9: 2.8 | J9: 89.8 | K9: 56 | L9: No | M9: Chicago | N9: Active
A10: EMP108 | B10: Ava Moore | C10: Finance | D10: Female | E10: 40 | F10: 2024-05-21 | G10: 3 | H10: 94900 | I10: 3.9 | J10: 87 | K10: 41 | L10: No | M10: Chicago | N10: Active
A11: EMP109 | B11: Benjamin Taylor | C11: IT | D11: Male | E11: 58 | F11: 2024-06-13 | G11: 8 | H11: 104800 | I11: 3 | J11: 93.5 | K11: 17 | L11: No | M11: Chicago | N11: Active
A12: EMP110 | B12: Isabella Anderson | C12: Marketing | D12: Female | E12: 40 | F12: 2024-07-21 | G12: 3 | H12: 61800 | I12: 4.7 | J12: 87.9 | K12: 50 | L12: Yes | M12: Chicago | N12: Active
A13: EMP111 | B13: Lucas Thomas | C13: Operations | D13: Male | E13: 52 | F13: 2024-07-19 | G13: 5 | H13: 50600 | I13: 2.4 | J13: 92.9 | K13: 78 | L13: No | M13: Houston | N13: Active
A14: EMP112 | B14: Mia Jackson | C14: Sales | D14: Female | E14: 48 | F14: 2024-02-05 | G14: 12 | H14: 64300 | I14: 5 | J14: 75.9 | K14: 73 | L14: Yes | M14: New York | N14: Active
... A52: EMP150 | B52: Layla Sanchez | C52: Finance | D52: Female | E52: 23 | F52: 2024-11-07 | G52: 10 | H52: 73800 | I52: 2.6 | J52: 94 | K52: 51 | L52: No | M52: Phoenix | N52: Active

Sheet Day5_AVERAGEIF-S
A1: Day 5 — AVERAGEIF & AVERAGEIFS Functions
A2: Average Metrics by Department — AVERAGEIF & AVERAGEIFS
A3: Department | B3: Avg Salary (AVERAGEIF) | C3: Avg Performance (AVERAGEIF) | D3: Avg Attendance (AVERAGEIFS Active) | E3: Avg Training Hrs (AVERAGEIFS Active) | F3: Avg Salary Male (AVERAGEIFS) | G3: Avg Salary Female (AVERAGEIFS)
A4: HR | B4: =IFERROR(AVERAGEIF(Employee_Data!C3:C52,'Day5_AVERAGEIF-S'!A4,Employee_Data!H3:H52),0) -> 64211.111 | C4: =IFERROR(AVERAGEIF(Employee_Data!C3:C52,'Day5_AVERAGEIF-S'!A4,Employee_Data!I3:I52),0) -> 3.1888889 | D4: =IFERROR(AVERAGEIFS(Employee_Data!J3:J52,Employee_Data!C3:C52,'Day5_AVERAGEIF-S'!A4,Employee_Data!N3:N52,"Active"),0) -> 84.125 | E4: =IFERROR(AVERAGEIFS(Employee_Data!K3:K52,Employee_Data!C3:C52,'Day5_AVERAGEIF-S'!A4,Employee_Data!N3:N52,"Active"),0) -> 57.875 | F4: =IFERROR(AVERAGEIFS(Employee_Data!H3:H52,Employee_Data!C3:C52,'Day5_AVERAGEIF-S'!A4,Employee_Data!D3:D52,"Male"),0) -> 64211.111 | G4: =IFERROR(AVERAGEIFS(Employee_Data!H3:H52,Employee_Data!C3:C52,'Day5_AVERAGEIF-S'!A4,Employee_Data!D3:D52,"Female"),0) -> 0
A5: Finance | B5: =IFERROR(AVERAGEIF(Employee_Data!C4:C53,'Day5_AVERAGEIF-S'!A5,Employee_Data!H4:H53),0) -> 75944.444 | C5: =IFERROR(AVERAGEIF(Employee_Data!C4:C53,'Day5_AVERAGEIF-S'!A5,Employee_Data!I4:I53),0) -> 3.4444444 | D5: =IFERROR(AVERAGEIFS(Employee_Data!J4:J53,Employee_Data!C4:C53,'Day5_AVERAGEIF-S'!A5,Employee_Data!N4:N53,"Active"),0) -> 87.157143 | E5: =IFERROR(AVERAGEIFS(Employee_Data!K4:K53,Employee_Data!C4:C53,'Day5_AVERAGEIF-S'!A5,Employee_Data!N4:N53,"Active"),0) -> 43.714286 | F5: =IFERROR(AVERAGEIFS(Employee_Data!H4:H53,Employee_Data!C4:C53,'Day5_AVERAGEIF-S'!A5,Employee_Data!D4:D53,"Male"),0) -> 0 | G5: =IFERROR(AVERAGEIFS(Employee_Data!H4:H53,Employee_Data!C4:C53,'Day5_AVERAGEIF-S'!A5,Employee_Data!D4:D53,"Female"),0) -> 75944.444 | I5: IFERROR
A6: IT | B6: =IFERROR(AVERAGEIF(Employee_Data!C5:C54,'Day5_AVERAGEIF-S'!A6,Employee_Data!H5:H54),0) -> 86662.5 | C6: =IFERROR(AVERAGEIF(Employee_Data!C5:C54,'Day5_AVERAGEIF-S'!A6,Employee_Data!I5:I54),0) -> 3.6 | D6: =IFERROR(AVERAGEIFS(Employee_Data!J5:J54,Employee_Data!C5:C54,'Day5_AVERAGEIF-S'!A6,Employee_Data!N5:N54,"Active"),0) -> 82.32 | E6: =IFERROR(AVERAGEIFS(Employee_Data!K5:K54,Employee_Data!C5:C54,'Day5_AVERAGEIF-S'!A6,Employee_Data!N5:N54,"Active"),0) -> 29.6 | F6: =IFERROR(AVERAGEIFS(Employee_Data!H5:H54,Employee_Data!C5:C54,'Day5_AVERAGEIF-S'!A6,Employee_Data!D5:D54,"Male"),0) -> 86662.5 | G6: =IFERROR(AVERAGEIFS(Employee_Data!H5:H54,Employee_Data!C5:C54,'Day5_AVERAGEIF-S'!A6,Employee_Data!D5:D54,"Female"),0) -> 0 | I6: value = "the answer it shows if no error occurs"
A7: Marketing | B7: =IFERROR(AVERAGEIF(Employee_Data!C6:C55,'Day5_AVERAGEIF-S'!A7,Employee_Data!H6:H55),0) -> 68800 | C7: =IFERROR(AVERAGEIF(Employee_Data!C6:C55,'Day5_AVERAGEIF-S'!A7,Employee_Data!I6:I55),0) -> 3.3 | D7: =IFERROR(AVERAGEIFS(Employee_Data!J6:J55,Employee_Data!C6:C55,'Day5_AVERAGEIF-S'!A7,Employee_Data!N6:N55,"Active"),0) -> 92.2 | E7: =IFERROR(AVERAGEIFS(Employee_Data!K6:K55,Employee_Data!C6:C55,'Day5_AVERAGEIF-S'!A7,Employee_Data!N6:N55,"Active"),0) -> 54.166667 | F7: =IFERROR(AVERAGEIFS(Employee_Data!H6:H55,Employee_Data!C6:C55,'Day5_AVERAGEIF-S'!A7,Employee_Data!D6:D55,"Male"),0) -> 0 | G7: =IFERROR(AVERAGEIFS(Employee_Data!H6:H55,Employee_Data!C6:C55,'Day5_AVERAGEIF-S'!A7,Employee_Data!D6:D55,"Female"),0) -> 68800 | I7: value_if_error = "the answer it shows when there is error"
A8: Operations | B8: =IFERROR(AVERAGEIF(Employee_Data!C7:C56,'Day5_AVERAGEIF-S'!A8,Employee_Data!H7:H56),0) -> 61587.5 | C8: =IFERROR(AVERAGEIF(Employee_Data!C7:C56,'Day5_AVERAGEIF-S'!A8,Employee_Data!I7:I56),0) -> 3.7 | D8: =IFERROR(AVERAGEIFS(Employee_Data!J7:J56,Employee_Data!C7:C56,'Day5_AVERAGEIF-S'!A8,Employee_Data!N7:N56,"Active"),0) -> 88.25 | E8: =IFERROR(AVERAGEIFS(Employee_Data!K7:K56,Employee_Data!C7:C56,'Day5_AVERAGEIF-S'!A8,Employee_Data!N7:N56,"Active"),0) -> 54 | F8: =IFERROR(AVERAGEIFS(Employee_Data!H7:H56,Employee_Data!C7:C56,'Day5_AVERAGEIF-S'!A8,Employee_Data!D7:D56,"Male"),0) -> 61587.5 | G8: =IFERROR(AVERAGEIFS(Employee_Data!H7:H56,Employee_Data!C7:C56,'Day5_AVERAGEIF-S'!A8,Employee_Data!D7:D56,"Female"),0) -> 0
A9: Sales | B9: =IFERROR(AVERAGEIF(Employee_Data!C8:C57,'Day5_AVERAGEIF-S'!A9,Employee_Data!H8:H57),0) -> 63250 | C9: =IFERROR(AVERAGEIF(Employee_Data!C8:C57,'Day5_AVERAGEIF-S'!A9,Employee_Data!I8:I57),0) -> 3.875 | D9: =IFERROR(AVERAGEIFS(Employee_Data!J8:J57,Employee_Data!C8:C57,'Day5_AVERAGEIF-S'!A9,Employee_Data!N8:N57,"Active"),0) -> 85.228571 | E9: =IFERROR(AVERAGEIFS(Employee_Data!K8:K57,Employee_Data!C8:C57,'Day5_AVERAGEIF-S'!A9,Employee_Data!N8:N57,"Active"),0) -> 36.857143 | F9: =IFERROR(AVERAGEIFS(Employee_Data!H8:H57,Employee_Data!C8:C57,'Day5_AVERAGEIF-S'!A9,Employee_Data!D8:D57,"Male"),0) -> 0 | G9: =IFERROR(AVERAGEIFS(Employee_Data!H8:H57,Employee_Data!C8:C57,'Day5_AVERAGEIF-S'!A9,Employee_Data!D8:D57,"Female"),0) -> 63250 | I9: AVERAGEIF
I10: range = "like lookup array"; eg: Department
I11: criteria = "What you looking for"; eg: HR
I12: average_range = "values to average"; eg: Salary
I15: AVERAGEIFS
I16: average_range = "values to average"; eg: Salary
I17: criteria_range1 = "like lookup array"
I18: criteria1 = "What you looking for"
I19: criteria_range2 = "like another lookup"
I20: criteria2 = "What you looking for"
I22: IFERROR(AVERAGEIF(Employee_Data!C3:C52,A4,Employee_Data!H3:H52),0)
I23: IFERROR(AVERAGEIF(Employee_Data!C3:C52,A4,Employee_Data!I3:I52),0)
I24: IFERROR(AVERAGEIFS(Employee_Data!J3:J52,Employee_Data!C3:C52,A4,Employee_Data!N3:N52,"Active"),0)
... I27: IFERROR(AVERAGEIFS(Employee_Data!H3:H52,Employee_Data!C3:C52,A4,Employee_Data!D3:D52,"Female"),0)
